<application>
  <component name="authManager">
    <option name="lastLoginIdcInfo">
      <LastLoginIdcInfo>
        <option name="profileName" value="development" />
        <option name="region" value="eu-central-1" />
        <option name="startUrl" value="https://d-9967603c96.awsapps.com/start" />
      </LastLoginIdcInfo>
    </option>
  </component>
  <component name="aws">
    <option name="QMigrationNotificationShownOnce" value="true" />
    <option name="autoUpdateFeatureNotificationShownOnce" value="true" />
    <option name="promptedForTelemetry" value="true" />
  </component>
</application>