<keymap version="1" name="VSCode (macOS) copy" parent="VSCode OSX">
  <action id="EditorDeleteLine">
    <keyboard-shortcut first-keystroke="shift meta k" />
    <keyboard-shortcut first-keystroke="meta d" />
  </action>
  <action id="EditorSelectLine">
    <keyboard-shortcut first-keystroke="meta l" />
    <keyboard-shortcut first-keystroke="shift meta down" />
  </action>
  <action id="Git.Branches">
    <keyboard-shortcut first-keystroke="shift ctrl back_quote" />
  </action>
  <action id="GotoSymbol">
    <keyboard-shortcut first-keystroke="shift meta o" />
  </action>
  <action id="NextDiff">
    <keyboard-shortcut first-keystroke="shift close_bracket" />
  </action>
  <action id="PinActiveTab">
    <keyboard-shortcut first-keystroke="meta 4" />
  </action>
  <action id="PreviousDiff">
    <keyboard-shortcut first-keystroke="shift open_bracket" />
  </action>
  <action id="SelectNextOccurrence">
    <keyboard-shortcut first-keystroke="meta f3" />
  </action>
  <action id="SurroundWithEmmet">
    <keyboard-shortcut first-keystroke="shift alt 4" />
  </action>
  <action id="Terminal.NewTab" />
  <action id="Terminal.OpenInTerminal">
    <keyboard-shortcut first-keystroke="meta t" />
  </action>
</keymap>